,AUROC(train),ACC(train),SENS(train),PREC(train),AUROC(test),ACC(test),SENS(test),PREC(test)
LinearDiscriminantAnalysis,0.8743638825658561,0.8636788048552755,0.578275754746343,0.6899368733754178,0.8658744274423354,0.912920001475307,0.570906432748538,0.3056751467710372
LogisticRegression,0.8762387792202333,0.8657952069716776,0.5427948957360722,0.7174002468120115,0.8688876168540078,0.9241692177184376,0.5263157894736842,0.3383458646616541
DecisionTreeClassifier,0.8677677195303201,0.8551509492685964,0.5272331154684096,0.6770583533173461,0.8548015199681083,0.9082359015970198,0.489766081871345,0.27235772357723576
SVC,0.8640807569699389,0.837223778400249,0.2125739184562714,0.8893229166666666,0.8465638589903904,0.9518681075498838,0.19298245614035087,0.567741935483871
RandomForestClassifier,0.8719324209955104,0.8507314036725802,0.37068160597572364,0.7600510529674538,0.8573492525091456,0.9351233725519124,0.3333333333333333,0.3499616270145817
